"Bill Maher: ""... But I'm Not Wrong""",Movie,2010,"Children,Cult,Science Fiction"
12 Rounds 3: Lockdown,Movie,2015,"Action,Comedy,Documentary,LGBTQ,Mistery,Romance,Sport"
12th & Delaware,Movie,2010,"Cult,Documentary"
2 Dope Queens,TV,2018,"Children,Science Fiction"
2018 Rock and Roll Hall of Fame Induction Ceremony,Movie,2018,"Game Show,Independent"
24/7 College Football,TV,2019,"Cult,Musical,Romance"
24/7: Kelly Slater,Movie,2019,"Cult"
2500 km,Movie,2016,"Documentary"
4 Little Girls,Movie,1997,"Cult,Game Show"
41,Movie,2012,"Anime,Cult"
5 American Handguns - 5 American Kids,Movie,1995,"Cult"
50 Children: The Rescue Mission of Mr. and Mrs. Kraus,Movie,2013,"Cult"
54,Movie,1998,"Documentary,Independent"
61*,Movie,2001,"Anime,Documentary,Game Show,Romance"
7 Days in Hell,Movie,2015,"Children,Romance"
7:20 Once a Week,Movie,2019,"Documentary,Mistery"
A Black Lady Sketch Show,TV,2019,"Children"
A Boy Called Sailboat,Movie,2018,"Children,Documentary,Drama"
A Dangerous Son,Movie,2018,"Cult"
A Family Is a Family Is a Family: A Rosie O'Donnell Celebration,Movie,2010,"Cult,Drama"
A Film For Families About Learning Differences,Movie,2010,"Cult,Drama"
A Fish Called Wanda,Movie,1988,"Children,Comedy,Crime"
A Girl in the River: The Price of Forgiveness,Movie,2015,"Cult"
A Good Job: Stories of the FDNY,Movie,2014,"Cult"
A Handful of Dust,Movie,1988,"Documentary,Home Garden,Mistery"
A LEGO Brickumentary,Movie,2014,"Cult,Drama"
A Little Curious,TV,1998,"Animation,Drama"
A Monster Calls,Movie,2016,"Action,Animation,Documentary,Family"
A Place in the Caribbean,Movie,2017,"Documentary,Mistery"
A Price Above Rubies,Movie,1998,"Documentary,Home Garden,Mistery"
A Rape in a Small Town: The Florence Holway Story,Movie,2005,"Comedy,Cult"
A Star Is Born,Movie,2018,"Documentary,Independent,Mistery"
A Woman Under the Influence,Movie,1974,"Documentary,Mistery"
AVP: Alien vs. Predator,Movie,2004,"Action,History,LGBTQ,Reality,Sport"
Abortion: Desperate Choices,Movie,1992,"Cult,Home Garden"
Abortion: Stories Women Tell,Movie,2016,"Cult"
About Face: Supermodels Then and Now,Movie,2012,"Anime,Children,Cult"
About Us,Movie,2016,"Children,Documentary,Mistery"
Abuela's Luck,Movie,2018,"Children,Documentary"
Accused,Movie,2018,"Comedy,Documentary,Sport"
Ad Astra,Movie,2019,"Action,Documentary,LGBTQ,Reality,Sport"
Addiction,Movie,2007,"Cult,Documentary"
Adventures in Babysitting,Movie,1987,"Action,Children,Comedy,Mistery"
Affliction,Movie,1997,"Documentary,LGBTQ,Sport"
After Truth: Disinformation and the Cost of Fake News,Movie,2020,"Cult"
Against the Wall,Movie,1994,"Action,Documentary,Game Show,Sport"
Agnelli,Movie,2017,"Cult"
Air Buddies,Movie,2006,"Action,Children,Drama"
Akeelah and the Bee,Movie,2006,"Animation,Cult,Documentary,Drama"
Ali & Cavett: The Tale of the Tapes,Movie,2018,"Cult,Romance"
Alice,TV,2008,"Documentary"
Alice: The First Day of the Rest of My Life,Movie,2010,"Documentary"
Alien,Movie,1979,"Crime,History,Reality"
Alien Resurrection,Movie,1997,"Action,Family,History,LGBTQ,Reality,Sport"
Aliens,Movie,1986,"Action,Family,History,LGBTQ,Reality,Sport"
Alien³,Movie,1992,"Action,History,Reality"
Alita: Battle Angel,Movie,2019,"Action,LGBTQ,Mistery,Reality,Sport"
Alive Day Memories: Home from Iraq,Movie,2007,"Cult"
All Def Comedy,TV,2017,"Children"
All of Me,Movie,1984,"Children,Family,Mistery"
All the Way,Movie,2016,"Anime,Documentary,Game Show"
Almost Heroes,Movie,1998,"Action,Children"
Along Came Polly,Movie,2004,"Children,Mistery"
Alpha & Omega: Journey to Bear Kingdom,Movie,2017,"Action,Animation,Children,Drama"
Alpha and Omega,Movie,2010,"Action,Animation,Children,Drama,Mistery"
Alpha and Omega 3: The Great Wolf Games,Movie,2014,"Action,Animation,Children,Drama,Travel"
Alpha and Omega: Dino Digs,Movie,2016,"Action,Animation,Children,Drama,Family"
Alpha and Omega: The Big Fureeze,Movie,2016,"Action,Animation,Children,Drama"
Alternate Endings: Six New Ways to Die in America,Movie,2019,"Cult"
Alvin and the Chipmunks: Chipwrecked,Movie,2011,"Action,Animation,Children,Drama,Family,Independent"
Amanda Seales: I Be Knowin',Movie,2019,"Children,Science Fiction"
American Animals,Movie,2018,"Anime,Comedy,Cult,Documentary,LGBTQ,Sport"
American Pie,Movie,1999,"Children,Mistery"
American Pie 2,Movie,2001,"Children,Mistery"
American Son,Movie,2008,"Documentary,Home Garden,Mistery"
American Splendor,Movie,2003,"Anime,Children,Documentary,Home Garden"
American Wedding,Movie,2003,"Children,Mistery"
American Woman,Movie,2019,"Documentary,LGBTQ,Sport"
Americans in Bed,Movie,2013,"Cult"
Amy Schumer: Live at the Apollo,Movie,2015,"Children,Cult,Science Fiction"
Amélie,Movie,2001,"Children,Mistery"
An American Werewolf in London,Movie,1981,"Children,Crime,History"
An Apology to Elephants,Movie,2013,"Cult"
An Ideal Husband,Movie,1999,"Children,Documentary,Mistery"
An Unexpected Love,Movie,2018,"Children,Mistery"
Anastasia,Movie,1997,"Action,Animation,Documentary,Drama,Family,Independent,LGBTQ,Mistery"
And Starring Pancho Villa as Himself,Movie,2003,"Anime,Documentary,Game Show"
And the Band Played On,Movie,1993,"Documentary,Horror"
Andre the Giant,Movie,2018,"Anime,Cult,Romance"
Angel Rodriguez,Movie,2005,"Documentary"
Angels in America,TV,2003,"Documentary,Family,Horror,Mistery,Travel"
Angry Boys,TV,2011,"Children,Documentary,Travel"
Animal,Movie,2018,"Documentary,Sport"
Animals.,TV,2016,"Animation,Children,Documentary"
Anna,Movie,2019,"Action,Horror,LGBTQ,Sport"
Annabelle Comes Home,Movie,2019,"History,LGBTQ,Sport"
Another Earth,Movie,2011,"Documentary,Mistery,Reality"
Another Stakeout,Movie,1993,"Action,Children,Comedy"
Any Given Wednesday with Bill Simmons,TV,2016,"Romance"
Any One of Us,Movie,2019,"Anime,Cult"
Apocalypse Now,Movie,1979,"Documentary,History,LGBTQ"
Aquaman,Movie,2018,"Action,Family,Mistery,Reality"
Aquamarine,Movie,2006,"Children,Documentary,Drama,Family,Mistery"
Arizona,Movie,2018,"Children,Documentary,LGBTQ,Sport"
Arliss,TV,1996,"Children,Romance"
Armageddon,Movie,1998,"Action,LGBTQ,Reality,Sport"
Arthur,Movie,1981,"Children,Documentary,Mistery"
Arthur 2: On the Rocks,Movie,1988,"Children,Mistery"
Arthur Miller: Writer,Movie,2017,"Cult"
As You Like It,Movie,2006,"Children,Documentary,Mistery"
Astro Boy,Movie,2009,"Action,Animation,Children,Drama,Reality"
Asylum,Movie,2008,"History,LGBTQ,Reality,Sport"
At the Heart of Gold: Inside the USA Gymnastics Scandal,Movie,2019,"Comedy,Cult,Documentary,Romance"
Atlanta's Missing and Murdered: The Lost Children,Movie,2020,"Comedy,Cult"
Atomic Homefront,Movie,2017,"Cult"
Autism: The Musical,Movie,2007,"Cult"
Autism: The Sequel,Movie,2019,"Cult"
Autopsy 5: Dead Men Do Tell Tales,Movie,1998,"Comedy,Cult"
Autopsy 6: Secrets of the Dead,Movie,1999,"Comedy,Cult"
Autopsy 8: Dead Giveaway,Movie,2002,"Cult"
Autopsy 9: Dead Awakening,Movie,2003,"Comedy,Cult"
Avenue 5,TV,2020,"Children,Family,Reality"
Axios,TV,2018,"Cult"
Babe,Movie,1995,"Children,Documentary,Drama,Family"
Babe Ruth,Movie,1998,"Anime,Cult,Romance"
Babe: Pig in the City,Movie,1998,"Action,Children,Documentary,Drama,Family"
Baby's Day Out,Movie,1994,"Action,Children,Comedy,Documentary,Drama"
Bad Education,Movie,2019,"Anime,Children,Comedy,Documentary"
Baghdad ER,Movie,2006,"Cult"
Ballers,TV,2015,"Children,Documentary,Romance"
Baltimore Rising,Movie,2017,"Cult"
Band of Brothers,TV,2001,"Action,Documentary,Game Show"
Banksy Does New York,Movie,2014,"Cult"
Barry,TV,2018,"Action,Children,Comedy,Documentary"
Bastille Day,Movie,2016,"Action,Comedy,Documentary,Sport"
Batman: The Killing Joke,Movie,2016,"Action,Animation,Comedy,Documentary,LGBTQ,Sport"
Battle for Terra,Movie,2007,"Action,Animation,Drama,LGBTQ,Reality,Sport"
Beautiful Girls,Movie,1996,"Children,Documentary,Mistery"
Bebé,Movie,2017,"Documentary"
Becoming Jane,Movie,2007,"Anime,Documentary,Mistery"
Becoming Mike Nichols,Movie,2016,"Cult"
Becoming Warren Buffett,Movie,2017,"Cult"
Bedazzled,Movie,2000,"Children,Family,Mistery"
Before We Are Forgotten,Movie,2014,"Cult"
Before the Devil Knows You're Dead,Movie,2007,"Comedy,Documentary,LGBTQ,Sport"
Beforeigners,TV,2019,"Documentary,Family,Reality"
Behind the Candelabra,Movie,2013,"Anime,Children,Documentary,Horror,Mistery"
Being Impossible,Movie,2018,"Documentary"
Being Serena,TV,2018,"Cult,Romance"
Belichick & Saban: The Art of Coaching,Movie,2019,"Cult,Romance"
Belly,Movie,1998,"Comedy,Documentary"
Benny & Joon,Movie,1993,"Children,Documentary,Mistery"
Bernard and Doris,Movie,2006,"Anime,Children,Documentary,Mistery"
Bessie,Movie,2015,"Anime,Documentary,Horror,Independent"
Betsy's Wedding,Movie,1990,"Children,Mistery"
Betty,TV,2020,"Children,Documentary"
Beverly Hills Chihuahua,Movie,2008,"Action,Children,Documentary,Drama,Mistery"
Beverly Hills Chihuahua 2,Movie,2011,"Action,Children,Drama"
Beverly Hills Chihuahua 3 - Viva La Fiesta!,Movie,2012,"Action,Children,Drama"
Beware the Slenderman,Movie,2016,"Anime,Children,Comedy,Cult,History,LGBTQ,Sport"
Bicentennial Man,Movie,1999,"Children,Documentary,Family,Reality"
Big Little Lies,TV,2017,"Children,Comedy,Documentary,LGBTQ"
Big Love,TV,2006,"Documentary"
Big Momma's House 2,Movie,2006,"Children,Comedy"
Big Top Pee-wee,Movie,1988,"Action,Children,Drama,Mistery"
Bigger,Movie,2018,"Anime,Documentary"
Bigger Than the Sky,Movie,2005,"Children,Documentary,Mistery"
Bill Maher: Live from D.C.,Movie,2014,"Children,Cult,Science Fiction"
Bill Maher: The Decider,Movie,2007,"Children,Cult,Science Fiction"
Bill Maher: Victory Begins at Home,Movie,2003,"Children,Cult,Science Fiction"
Billie Jean King: Portrait of a Pioneer,Movie,2006,"Cult"
Billy Crystal: 700 Sundays,Movie,2014,"Anime,Children,Documentary"
Birds of Passage,Movie,2018,"Comedy,Documentary"
Birthday Girl,Movie,2001,"Children,Comedy,LGBTQ,Sport"
Biutiful,Movie,2010,"Documentary,Mistery"
BlacKkKlansman,Movie,2018,"Anime,Children,Comedy,Documentary,Game Show"
Black Knight,Movie,2001,"Action,Children,Family"
Bleed Out,Movie,2018,"Cult,Documentary,Mistery,Sport"
Blinded by the Light,Movie,2019,"Children,Documentary,Independent"
Blinded by the Lights,TV,2018,"Comedy,Documentary,Sport"
Blindspotting,Movie,2018,"Children,Comedy,Documentary"
Blood Simple,Movie,1984,"Comedy,Documentary,LGBTQ,Sport"
Boardwalk Empire,TV,2010,"Comedy,Documentary,Game Show"
Bob Saget: That Ain't Right,Movie,2007,"Children,Cult,Science Fiction"
Bohemian Rhapsody,Movie,2018,"Anime,Documentary,Horror,Independent"
Bordertown,Movie,2007,"Comedy,Documentary,LGBTQ,Sport"
Bored to Death,TV,2009,"Children,Comedy,LGBTQ"
Bounce,Movie,2000,"Documentary,Mistery"
Bowling for Columbine,Movie,2002,"Comedy,Cult,Documentary"
Boy Erased,Movie,2018,"Anime,Documentary,Horror"
Boy Interrupted,Movie,2009,"Anime,Cult,Documentary"
Boycott,Movie,2001,"Documentary,Game Show"
Boys Don't Cry,Movie,1999,"Anime,Comedy,Documentary,Horror,Mistery"
Boys and Girls,Movie,2000,"Children,Documentary,Mistery"
Brave New Voices 2010,Movie,2010,"Cult"
Break,Movie,2018,"Children,Documentary,Mistery"
Breakthrough,Movie,2019,"Anime,Documentary"
Breslin and Hamill: Deadline Artists,Movie,2018,"Cult,Game Show"
Brexit: The Uncivil War,Movie,2019,"Anime,Cult,Documentary,Game Show"
Bridesmaids,Movie,2011,"Children,Mistery"
Bridge to Terabithia,Movie,2007,"Action,Documentary,Drama,Family"
Bright Lights: Starring Carrie Fisher and Debbie Reynolds,Movie,2016,"Cult"
Brillo Box (3¢ off),Movie,2016,"Cult,Drama"
Broken Arrow,Movie,1996,"Action,Children,LGBTQ,Sport"
Buena Vista Social Club,Movie,1999,"Cult,Independent"
Bully. Coward. Victim. The Story of Roy Cohn,Movie,2019,"Cult"
Bury My Heart at Wounded Knee,Movie,2007,"Documentary,Game Show"
Buzz,Movie,2019,"Cult"
Bye Bye Love,Movie,1995,"Children,Mistery"
CB4,Movie,1993,"Children,Independent"
Cake,Movie,2014,"Documentary"
Camping,TV,2018,"Children,Cult,Drama"
Can You Keep a Secret?,Movie,2019,"Children,Mistery"
Can't Buy Me Love,Movie,1987,"Children,Documentary,Drama,Mistery"
Cap,Movie,2020,"Documentary"
Capadocia,TV,2008,"Documentary"
Capturing Mary,Movie,2007,"Documentary"
Capturing the Friedmans,Movie,2003,"Anime,Cult"
Carnivàle,TV,2003,"Documentary,Family,LGBTQ,Reality,Sport,Travel"
Carrie Fisher: Wishful Drinking,Movie,2010,"Children,Cult,Science Fiction"
Carro,Movie,2018,"Documentary"
Casino Royale,Movie,2006,"Action,LGBTQ,Sport"
Cast Away,Movie,2000,"Action,Documentary,Mistery"
Cast a Deadly Spell,Movie,1991,"Children,Documentary,Family,History,LGBTQ,Sport"
Cat People,Movie,1982,"Documentary,Family,History,LGBTQ,Sport"
Catherine the Great,TV,2019,"Anime,Documentary,Game Show"
Cedric the Entertainer: Taking You Higher,Movie,2006,"Children,Cult,Independent,Science Fiction"
Celebrity Habla,Movie,2009,"Cult"
Celebrity Habla 2,Movie,2010,"Cult"
Chernobyl,TV,2019,"Documentary,Game Show,Sport"
Child's Play 2,Movie,1990,"Documentary,History,LGBTQ,Sport"
Child's Play 3,Movie,1991,"Action,History,LGBTQ,Sport"
Chocolat,Movie,2000,"Children,Documentary,Mistery"
Chris Gethard: Career Suicide,Movie,2017,"Children,Cult,Science Fiction"
Chris Rock: Bigger & Blacker,Movie,1999,"Children,Cult,Science Fiction"
Chris Rock: Kill the Messenger,Movie,2008,"Children,Cult,Science Fiction"
Chris Rock: Never Scared,Movie,2004,"Children,Cult,Science Fiction"
Chumel con Chumel Torres,TV,2016,"Children,Musical"
Cinema Paradiso,Movie,1988,"Children,Documentary,Mistery"
Cinema Verite,Movie,2011,"Documentary"
Citizen USA: A 50 State Road Trip,Movie,2011,"Cult"
Citizen X,Movie,1995,"Anime,Comedy,Documentary,Game Show,LGBTQ,Sport"
City Dump: The Story of the 1951 CCNY Basketball Scandal,Movie,1998,"Cult,Game Show,Romance"
Class Divide,Movie,2016,"Cult"
Classical Baby,TV,2005,"Animation,Biography,Drama"
Clear History,Movie,2013,"Children"
Clifford,Movie,1994,"Children,Drama"
Clockstoppers,Movie,2002,"Action,Biography,Children,Drama,Family,LGBTQ,Reality,Sport"
Cobain: Montage of Heck,Movie,2015,"Animation,Anime,Cult,Independent"
Cold Around the Heart,Movie,1997,"Comedy,Cult,Documentary,LGBTQ,Sport"
Cold Mountain,Movie,2003,"Action,Documentary,Game Show,Mistery"
College,Movie,2008,"Children"
Collision Course,Movie,1989,"Action,Children,Comedy,Sport"
Coma,Movie,2007,"Cult"
Commando,Movie,1985,"Action,LGBTQ,Sport"
Confirmation,Movie,2016,"Anime,Documentary,Game Show"
Conspiracy,Movie,2001,"Action,Anime,Documentary,Game Show"
Contagion,Movie,2011,"Action,Documentary,LGBTQ,Reality,Sport"
Corky Romano,Movie,2001,"Action,Children,Comedy"
Cowboys & Aliens,Movie,2011,"Action,Reality,Sport"
Coyote Lake,Movie,2019,"LGBTQ,Sport"
Crash,Movie,2004,"Comedy,Documentary,LGBTQ,Sport"
Crashbox,TV,1999,"Animation,Food"
Crashing,TV,2017,"Children,Documentary"
Crazy Rich Asians,Movie,2018,"Children,Documentary,Mistery"
Cries from Syria,Movie,2017,"Cult,Documentary,Travel"
Crime Wave,Movie,2018,"Action,Children,Comedy,Sport"
Crimson Peak,Movie,2015,"Documentary,Family,History,LGBTQ,Mistery,Sport"
Crisis Hotline: Veterans Press 1,Movie,2013,"Cult"
Curb Your Enthusiasm,TV,2000,"Children"
D.L. Hughley: Going Home,Movie,1999,"Children,Cult,Science Fiction"
D.L. Hughley: Unapologetic,Movie,2007,"Children,Cult,Science Fiction"
D2: The Mighty Ducks,Movie,1994,"Action,Children,Documentary,Drama,Romance"
D3: The Mighty Ducks,Movie,1996,"Action,Children,Documentary,Drama,Romance"
Dan Soder: Son of a Gary,Movie,2019,"Children,Science Fiction"
Dana Carvey: Squatting Monkeys Tell No Lies,Movie,2008,"Children,Cult,Science Fiction"
Dane Cook: Vicious Circle,Movie,2006,"Children,Cult,Science Fiction"
Dangerous Liaisons,Movie,1988,"Documentary,Mistery"
Daniel Sloss: X,Movie,2019,"Children,Cult,Science Fiction"
Dark Light: The Art Of Blind Photographers,Movie,2009,"Anime,Cult"
Dave Attell: Captain Miserable,Movie,2007,"Children,Cult,Science Fiction"
Dave Chappelle: Killin' Them Softly,Movie,2000,"Children,Cult,Science Fiction"
David Bowie: The Last Five Years,Movie,2017,"Cult,Independent"
David Brenner: Back with a Vengeance!,Movie,2000,"Children,Cult,Science Fiction"
David Cross: The Pride Is Back,Movie,1999,"Children,Cult,Science Fiction"
David McCullough: Painting with Words,Movie,2008,"Cult"
David Spade: Take the Hit,Movie,1998,"Children,Cult"
Daybreak,Movie,1993,"Action,Documentary,Mistery,Reality"
Daylight,Movie,1996,"Action,Cult,Documentary,LGBTQ,Sport"
Dead Silence,Movie,1997,"Action,Documentary,LGBTQ,Sport"
Deadwood,TV,2004,"Comedy,Documentary,Game Show"
Deadwood: The Movie,Movie,2019,"Animation,Documentary"
Death at a Funeral,Movie,2007,"Children,Crime,Documentary"
Defending Your Life,Movie,1991,"Children,Documentary,Family,Mistery"
Dennis Miller Live,TV,1994,"Children"
Dennis Miller: All In,Movie,2006,"Children,Science Fiction"
Dennis Miller: The Raw Feed,Movie,2003,"Children,Cult"
Desde el principio,Movie,2017,"Documentary"
Destino Deporte,TV,2013,"Cult,Romance"
Destino Rusia,TV,2018,"Cult,Documentary,Romance"
Devil,Movie,2010,"Documentary,History,LGBTQ,Sport"
Diagnosis Bipolar: Five Families Search for Answers,Movie,2010,"Cult"
Dick Tracy,Movie,1990,"Action,Children,Comedy,Independent,LGBTQ,Mistery,Sport"
Die Hard,Movie,1988,"Action,LGBTQ,Sport"
Die Hard 2,Movie,1990,"Action,LGBTQ,Sport"
Die Hard: With a Vengeance,Movie,1995,"Action,LGBTQ,Sport"
Diego Maradona,Movie,2019,"Anime,Cult,Romance"
Dinner with Friends,Movie,2001,"Children,Documentary,Fantasy,Mistery"
Dios Inc.,TV,2016,"Documentary,Sport"
Dirty Driving: Thundercars Of Indiana,Movie,2008,"Cult,Romance"
Dirty War,Movie,2004,"Documentary,LGBTQ,Sport"
Divorce,TV,2016,"Children,Documentary"
Do You Believe in Miracles? The Story of the 1980 U.S. Hockey Team,Movie,2002,"Cult,Game Show,Romance"
Doctor Sleep,Movie,2019,"Documentary,Family,History,LGBTQ,Sport"
DodgeBall: A True Underdog Story,Movie,2004,"Children,Romance"
Doll & Em,TV,2014,"Children"
Don't Divorce Me! Kids' Rules for Parents on Divorce,Movie,2012,"Cult"
Dope Sick Love,Movie,2005,"Cult"
Doubt,Movie,2008,"Documentary,LGBTQ,Sport"
Down and Dirty with Jim Norton,TV,2008,"Children"
Down to You,Movie,2000,"Children,Documentary,Drama,Mistery"
Downton Abbey,Movie,2019,"Documentary,Game Show,Mistery"
Dragged Across Concrete,Movie,2019,"Action,Comedy,Documentary,LGBTQ,Sport"
Dreaming of Joseph Lees,Movie,1999,"Documentary,Mistery"
Drew Michael,Movie,2018,"Children"
Drop Dead Fred,Movie,1991,"Children,Documentary,Drama,Family"
Due Date,Movie,2010,"Children,Documentary"
Dune,Movie,1984,"Action,Reality"
Dunston Checks In,Movie,1996,"Action,Children,Drama"
Dying of the Light,Movie,2014,"Action,Documentary,LGBTQ,Sport"
Eastbound & Down,TV,2009,"Children,Documentary,Romance,Travel"
Ebola: The Doctors' Story,Movie,2016,"Cult"
Einstein and Eddington,Movie,2008,"Anime,Documentary,Game Show"
El Angel,Movie,2018,"Anime,Comedy,Documentary"
El Astronauta,Movie,2018,"Documentary"
El Baile de la Gacela,Movie,2018,"Children,Documentary"
El Chata,Movie,2017,"Documentary"
El Diablo,Movie,1990,"Children"
El Norte,Movie,1983,"Action,Documentary,Home Garden,Sport"
El Perro y el Gato,TV,2004,"Animation"
El Piedra,Movie,2018,"Documentary"
El Pionero,TV,2019,"Cult"
El Techo,Movie,2016,"Documentary"
El espíritu de la salsa,Movie,2010,"Cult"
Elephant Kingdom,Movie,2016,"Action,Animation,Drama"
Elizabeth I,TV,2005,"Anime,Children,Documentary,Game Show,Mistery,Travel"
Ellen DeGeneres: Here and Now,Movie,2003,"Children,Cult,Science Fiction"
Ellen DeGeneres: The Beginning,Movie,2000,"Children,Cult,Science Fiction"
Elvis Presley: The Searcher,Movie,2018,"Cult"
Emma,Movie,1996,"Children,Documentary,Mistery"
Empire Falls,TV,2005,"Documentary,Mistery"
Empire of the Sun,Movie,1987,"Action,Documentary,Fantasy,Game Show"
Empowered,Movie,2018,"Children"
Enemy Mine,Movie,1985,"Action,Documentary,Reality"
Enemy at the Gates,Movie,2001,"Documentary,Game Show,Mistery"
Enlightened,TV,2011,"Children,Documentary,Travel"
Entourage,TV,2004,"Children,Documentary"
Episode #1.1,Movie,2010,"Documentary"
Episode #1.2,Movie,2010,"Cult"
Epitaphs,TV,2004,"Action,Comedy,Documentary,History,LGBTQ,Sport"
Eragon,Movie,2006,"Action,Biography,Drama,Family,Reality"
Ernie & Joe,Movie,2019,"Cult"
Esme & Roy,TV,2018,"Action,Animation,Biography,Drama,Family"
Euphoria,TV,2019,"Documentary,Horror"
Eve's Bayou,Movie,1997,"Documentary"
Evelyn x Evelyn,Movie,2020,"Documentary"
Every Brilliant Thing,Movie,2016,"Cult"
Everyday People,Movie,2004,"Documentary,Home Garden"
Everyone's Hero,Movie,2006,"Action,Animation,Children,Drama,Romance"
Everything Is Copy,Movie,2015,"Anime,Cult"
Exodus,Movie,1960,"Action,Documentary,Game Show"
Eyewitness,Movie,1981,"Comedy,Documentary,LGBTQ,Mistery,Sport"
Fahrenheit 451,Movie,2018,"Documentary,LGBTQ,Reality,Sport"
Fall to Grace,Movie,2013,"Cult"
Fame,Movie,2009,"Children,Documentary,Independent,Mistery"
Family Tree,TV,2013,"Children"
Fantasmagorias,TV,2017,"Animation"
Fantastic Beasts: The Crimes of Grindelwald,Movie,2018,"Action,Documentary,Drama,Family"
Far and Away,Movie,1992,"Action,Documentary,Mistery"
Farruko: En letra de otro,Movie,2019,"Cult,Independent"
Fast & Furious Presents: Hobbs & Shaw,Movie,2019,"Action,Children,Sport"
Fast Five,Movie,2011,"Action,Comedy,LGBTQ,Sport"
Fathers' Day,Movie,1997,"Children,Drama,Mistery"
Fellow Traveller,Movie,1989,"Documentary"
Ferrell Takes the Field,Movie,2015,"Children,Cult,Romance"
Fight Club,Movie,1999,"Crime,Documentary"
Filly Brown,Movie,2013,"Documentary,Independent"
Finding the Way Home,Movie,2019,"Cult"
First Cousin Once Removed,Movie,2012,"Cult"
Fists of Freedom: The Story of the '68 Summer Games,Movie,1999,"Cult,Game Show,Romance"
Five Days,TV,2007,"Comedy,Documentary,LGBTQ,Sport,Thriller"
Flawless,Movie,1999,"Children,Comedy,Documentary,Home Garden"
Flicka,Movie,2006,"Action,Biography,Documentary,Drama"
Flight,Movie,2019,"Documentary,Drama"
Flight of the Conchords,TV,2007,"Children,Independent"
Flirting with Disaster,Movie,1996,"Children"
Fly Me to the Moon,Movie,2008,"Action,Animation,Drama"
Folklore,TV,2018,"Documentary,History,LGBTQ"
Food Lore,TV,2019,"Documentary,Fantasy"
For Love of the Game,Movie,1999,"Documentary,Mistery,Romance"
For Neda,Movie,2010,"Anime,Cult,Game Show"
Forces of Nature,Movie,1999,"Children,Cult,Mistery"
Ford v Ferrari,Movie,2019,"Action,Anime,Documentary,Romance"
Foster,Movie,2018,"Cult"
Fraggle Rock,TV,1983,"Action,Animation,Biography,Children,Drama,Family,Reality"
Frankie and Johnny,Movie,1991,"Children,Documentary,Mistery"
Freeheld,Movie,2015,"Anime,Documentary,Mistery"
Frequently Asked Questions About Time Travel,Movie,2009,"Children,Documentary,Mistery,Reality"
Friday Night Lights,Movie,2004,"Action,Documentary,Romance"
Friends of God: A Road Trip with Alexandra Pelosi,Movie,2007,"Cult"
From the Earth to the Moon,TV,1998,"Action,Cult,Documentary,Game Show,Sport"
Fugitives,TV,2011,"Action,Comedy,Documentary"
Full Beat,Movie,2018,"Documentary"
Funny or Die Presents,TV,2010,"Children,Travel"
Galaxy of Terror,Movie,1981,"Action,History,Reality"
Galveston,Movie,2018,"Action,Comedy,Documentary,LGBTQ,Sport"
Game Change,Movie,2012,"Anime,Documentary,Game Show"
Game of Thrones,TV,2011,"Action,Documentary,Family,Mistery,Reality"
Game of Thrones: The Last Watch,Movie,2019,"Cult"
Gamer,Movie,2009,"Action,LGBTQ,Reality,Sport"
Gangs of New York,Movie,2002,"Comedy,Documentary,Game Show"
Gary Gulman: The Great Depresh,Movie,2019,"Children,Science Fiction"
Gasland Part II,Movie,2013,"Cult"
Generation Kill,TV,2008,"Action,Documentary"
Gentleman Jack,TV,2019,"Anime,Documentary,Game Show,Horror,Mistery"
George Lopez: America's Mexican,Movie,2007,"Children,Cult,Science Fiction"
Get Carter,Movie,2000,"Action,Comedy,Documentary,LGBTQ,Sport"
Get Her... If You Can,Movie,2019,"Children,Mistery"
Getting On,TV,2013,"Children,Documentary"
Ghosts of Abu Ghraib,Movie,2007,"Cult,Game Show"
Gia,Movie,1998,"Anime,Documentary,Mistery"
Gina Brillon: Easily Offended,Movie,2019,"Children"
Girls,TV,2012,"Children,Documentary"
Glass,Movie,2019,"Documentary,History,LGBTQ,Reality,Sport"
Glee: The Concert Movie,Movie,2011,"Cult,Drama,Independent"
Glengarry Glen Ross,Movie,1992,"Comedy,Crime,Documentary,LGBTQ,Sport"
Glitter,Movie,2001,"Documentary,Independent,Mistery"
Gloria: In Her Own Words,Movie,2011,"Cult"
God is the Bigger Elvis,Movie,2012,"Anime,Cult"
Godzilla: King of the Monsters,Movie,2019,"Action,Family,Reality,Sport"
Going Clear: Scientology and the Prison of Belief,Movie,2015,"Crime,Cult"
Golden Life,TV,2015,"Action,Comedy,Documentary,Sport"
Gone Fishin',Movie,1997,"Children,Comedy,Drama"
Gonzaga: The March to Madness,TV,2016,"Cult,Musical,Romance"
Good Boys,Movie,2019,"Action,Children,Documentary"
Goodnight Moon & Other Sleepytime Tales,Movie,2005,"Animation,Drama"
Grace,TV,2018,"Children,Comedy,Mistery"
Grandma's Boy,Movie,2006,"Children"
Great Expectations,Movie,1974,"Documentary,Mistery"
Green Card,Movie,1990,"Children,Documentary,Mistery"
Green Lantern,Movie,2011,"Action,Family,LGBTQ,Mistery,Reality,Sport"
Greenberg,Movie,2010,"Children,Documentary,Mistery"
Grey Gardens,Movie,2009,"Anime,Documentary,Game Show"
Grisse,TV,2018,"Action,Documentary"
Guie’dani’s Navel,Movie,2019,"Documentary"
Gun Fight,Movie,2011,"Cult"
Gunpowder,TV,2017,"Documentary,Game Show"
HBO Comedy Half-Hour,TV,1994,"Children,Cult,Travel"
HBO Storybook Musicals,TV,1987,"Animation,Biography"
Habla Men,Movie,2014,"Cult"
Habla Texas,Movie,2011,"Cult"
Habla Women,Movie,2013,"Cult"
Habla y vota,Movie,2016,"Cult"
Hackers,Movie,1995,"Action,Children,Comedy,Documentary,LGBTQ,Sport"
Hackerville,TV,2018,"Action,Comedy,Documentary,Sport"
Half Nelson,Movie,2006,"Documentary"
Halfworlds,TV,2015,"Family,History,LGBTQ,Sport"
Hall Pass,Movie,2011,"Children,Cult,Game Show,Mistery"
Hanna,Movie,2011,"Action,Documentary,LGBTQ,Sport"
Happily Ever After: Fairy Tales for Every Child,TV,1995,"Action,Animation,Biography,Drama,Family,History,LGBTQ,Sport"
Happy Feet Two,Movie,2011,"Action,Animation,Children,Drama,Independent"
Hard,TV,2020,"Children"
Hard Knocks,TV,2001,"Cult,Romance"
Hard Times: Lost on Long Island,Movie,2012,"Cult"
Hard as Nails,Movie,2007,"Cult"
Harsh Times,Movie,2005,"Action,Comedy,Documentary,LGBTQ,Sport"
Havana,Movie,1990,"Cult,Documentary,Mistery"
Have You Seen Andy?,Movie,2007,"Cult"
He Got Game,Movie,1998,"Documentary,Home Garden,Romance"
Head Full of Honey,Movie,2014,"Children,Documentary,Drama"
Head Office,Movie,1985,"Children"
Head Over Heels,TV,2014,"Children,Mistery"
Hear and Now,Movie,2007,"Cult"
Heart and Souls,Movie,1993,"Children,Documentary,Family,Mistery"
Heaven & Earth,Movie,1993,"Action,Anime,Documentary,Game Show"
Hedwig and the Angry Inch,Movie,2001,"Children,Crime,Documentary,Horror,Independent"
Heidi Fleiss: The Would-be Madam of Crystal,Movie,2008,"Cult"
Heir To An Execution,Movie,2004,"Cult"
Hellboy,Movie,2019,"Action,Family,History,Reality"
Hello Again,Movie,1987,"Children,Documentary,Family,Mistery,Reality"
Hello Ladies,TV,2013,"Children"
Hello Ladies: The Movie,Movie,2014,"Children"
Hemingway & Gellhorn,Movie,2012,"Anime,Documentary,Mistery"
Her Body,Movie,2020,"Reality,Sport"
Her Smell,Movie,2018,"Documentary,Independent"
Here and Now,TV,2018,"Children,Documentary,Family"
Heroes Cotidianos,TV,2014,"Cult"
High Maintenance,TV,2016,"Children,Documentary"
His Dark Materials,TV,2019,"Action,Documentary,Drama,Family,Reality"
Holy Rollers,Movie,2010,"Anime,Comedy,Documentary,Game Show"
Home Alone,Movie,1990,"Biography,Children,Drama"
Home Alone 2: Lost in New York,Movie,1992,"Action,Biography,Children,Comedy,Drama"
Home Alone 3,Movie,1997,"Children,Comedy,Drama"
Home Alone 4,Movie,2002,"Action,Children,Comedy,Documentary,Drama,Family"
Home Alone: The Holiday Heist,Movie,2012,"Children,Comedy,Drama"
Homegrown: The Counter-Terror Dilemma,Movie,2016,"Cult"
Homeless: The Motel Kids of Orange County,Movie,2010,"Cult"
Hoop Dreams,Movie,1994,"Cult,Documentary,Romance"
Hopelessly Devout,Movie,2018,"Children,Documentary"
Hostel,Movie,2006,"History,Standup Talk"
Hostel: Part II,Movie,2007,"History"
Hostel: Part III,Movie,2011,"History,LGBTQ,Sport"
House of Saddam,TV,2008,"Anime,Children,Documentary,Game Show"
Housesitter,Movie,1992,"Children,Mistery"
How Stella Got Her Groove Back,Movie,1998,"Children,Documentary,Mistery"
How to Dance in Ohio,Movie,2015,"Cult,Documentary"
How to Lose a Guy in 10 Days,Movie,2003,"Children,Mistery"
How to Make It in America,TV,2010,"Children,Documentary,Travel"
Hummingbird,Movie,2013,"Action,Comedy,Documentary,LGBTQ,Sport,Travel"
Hung,TV,2009,"Children,Documentary"
Hunter Killer,Movie,2018,"Action,LGBTQ,Sport"
I Am Evidence,Movie,2017,"Cult"
I Can Be President: A Kid's-Eye View,Movie,2011,"Cult,Drama"
I Have Tourette's But Tourette's Doesn't Have Me,Movie,2005,"Cult"
I Know This Much Is True,TV,2020,"Documentary"
I Love You Phillip Morris,Movie,2009,"Anime,Children,Comedy,Documentary,Horror,Mistery"
I Never Promised You a Rose Garden,Movie,1977,"Documentary,Family"
Ice on Fire,Movie,2019,"Cult"
Icebox,Movie,2018,"Documentary"
Imaginary Heroes,Movie,2004,"Children,Documentary,Horror"
In Bruges,Movie,2008,"Children,Comedy,Crime,Documentary,LGBTQ,Sport"
In Her Shoes,Movie,2005,"Children,Documentary,Mistery"
In Like Flint,Movie,1967,"Action,Children,Mistery,Reality"
In Pursuit of Honor,Movie,1995,"Documentary"
In Tahrir Square: 18 Days of Egypt's Unfinished Revolution,Movie,2012,"Action,Cult,Game Show"
In Treatment,TV,2008,"Documentary"
In Vogue: The Editor's Eye,Movie,2012,"Cult"
In a Valley of Violence,Movie,2016,"Action,Comedy,Documentary,LGBTQ,Sport"
In a World...,Movie,2013,"Children,Cult"
In the Bedroom,Movie,2001,"Comedy,Documentary,Home Garden,LGBTQ,Sport"
In the Gloaming,Movie,1997,"Documentary"
In the Shadow of the Towers: Stuyvesant High on 9/11,Movie,2019,"Cult"
Incarnate,Movie,2016,"Documentary,Family,History,LGBTQ,Reality,Sport"
Indian Point: Imagining the Unimaginable,Movie,2004,"Cult"
Indictment: The McMartin Trial,Movie,1995,"Documentary,LGBTQ,Sport"
Indignation,Movie,2016,"Documentary,Mistery"
Initials S.G.,Movie,2019,"Children,Documentary,Independent"
Insecure,TV,2016,"Children,Documentary,Mistery"
Into the Arms of Strangers: Stories of the Kindertransport,Movie,2000,"Cult,Game Show"
Into the Storm,Movie,2009,"Anime,Documentary,Game Show"
Intolerable Cruelty,Movie,2003,"Children,Comedy,Mistery"
Iron Jawed Angels,Movie,2004,"Anime,Documentary,Game Show,Home Garden"
It Chapter Two,Movie,2019,"Documentary,Family,History,LGBTQ,Sport"
It's a Hard Truth Ain't It,Movie,2018,"Animation,Cult"
Ja'mie: Private School Girl,TV,2013,"Children"
Jane Fonda in Five Acts,Movie,2018,"Cult"
Jason Kuller: Goodbye Yellow Brick Joke,Movie,1999,"Children,Cult"
Jaws,Movie,1975,"Action,Documentary,History,LGBTQ,Sport"
Jaws 2,Movie,1978,"Action,Documentary,History,LGBTQ,Sport"
Jaws 3-D,Movie,1983,"Action,History,LGBTQ,Sport"
Jaws: The Revenge,Movie,1987,"Action,History,LGBTQ,Sport"
Jerrod Carmichael: Love at the Store,Movie,2014,"Children,Cult,Science Fiction"
Jersey Girl,Movie,2004,"Children,Documentary,Mistery"
Jetsons: The Movie,Movie,1990,"Animation,Children,Drama,Independent,Reality"
Jim Jefferies: I Swear to God,Movie,2009,"Children,Cult,Science Fiction"
Jim Norton: Monster Rain,Movie,2007,"Children,Cult,Science Fiction"
Jim: The James Foley Story,Movie,2016,"Anime,Cult,Documentary"
Jiminy Glick in Lalawood,Movie,2004,"Children,LGBTQ"
Jobs,Movie,2013,"Anime,Cult,Documentary,Game Show"
Joe's Palace,Movie,2007,"Documentary"
John Adams,TV,2008,"Anime,Documentary,Game Show,Musical,Travel"
John McCain: For Whom the Bell Tolls,Movie,2018,"Cult"
John Tucker Must Die,Movie,2006,"Children,Mistery"
John Wick: Chapter 3 - Parabellum,Movie,2019,"Action,Comedy,LGBTQ,Sport"
John from Cincinnati,TV,2007,"Documentary,Travel"
Johnny English,Movie,2003,"Action,Children"
Johnny English Strikes Again,Movie,2018,"Action,Children,Drama"
Joker,Movie,2019,"Comedy,Documentary,LGBTQ,Sport"
Jonah From Tonga,TV,2014,"Children"
Josie and the Pussycats,Movie,2001,"Children,Independent"
Journey Into Dyslexia,Movie,2011,"Cult"
Journeys with George,Movie,2002,"Cult"
Judge Dredd,Movie,1995,"Action,Comedy,LGBTQ,Reality,Sport"
Judgment,Movie,1990,"Documentary"
Judy Moody and the Not Bummer Summer,Movie,2011,"Children,Drama"
Jumpin' Jack Flash,Movie,1986,"Children,LGBTQ,Mistery,Sport"
Justin Bieber's Believe,Movie,2013,"Cult,Independent"
KREMEN,TV,2017,"Action,Comedy"
Kareem: Minority of One,Movie,2015,"Anime,Cult"
Keeping Up with the Steins,Movie,2006,"Children,Home Garden"
Kill Chain: The Cyber War on America's Elections,Movie,2020,"Cult"
Kin,Movie,2018,"Action,Comedy,Documentary,LGBTQ,Reality,Sport"
Kindergarten,TV,2001,"Cult,Musical"
King Arthur,Movie,2004,"Action,Cult,Documentary,Game Show"
King in the Wilderness,Movie,2018,"Cult"
Kingdom Come,Movie,2001,"Children,Cult,Documentary,Drama,Independent"
Koran by Heart,Movie,2011,"Cult"
LOL,Movie,2012,"Children,Documentary,Mistery"
LUV,Movie,2013,"Comedy,Documentary"
La La Land,Movie,2016,"Children,Documentary,Independent,Mistery"
Lady Day at Emerson's Bar & Grill,Movie,2016,"Anime,Documentary,Independent"
Larry David: Curb Your Enthusiasm,Movie,1999,"Children"
Larry Kramer In Love & Anger,Movie,2015,"Anime,Cult,Game Show"
Last Chance Harvey,Movie,2008,"Children,Documentary,Mistery"
Last Days,Movie,2005,"Documentary,Independent"
Last Letters Home,Movie,2004,"Cult,Game Show"
Last Week Tonight with John Oliver,TV,2014,"Children"
Leaving Neverland,Movie,2019,"Cult"
Les Misérables,Movie,2012,"Documentary,Game Show,Independent,Mistery"
Lesson #7 by Alberto Ferreras,Movie,2019,"Children"
Lewis Black: Black on Broadway,Movie,2004,"Children,Cult"
Liberty: Mother of Exiles,Movie,2019,"Cult"
Life,Movie,1999,"Children,Comedy,Documentary"
Life According to Sam,Movie,2013,"Anime,Cult,Documentary"
Life Support,Movie,2007,"Documentary"
Life on the Line,Movie,2015,"Action,Cult,Documentary,LGBTQ,Sport"
Life's Too Short,TV,2011,"Children,Cult,Travel"
Lifeforce,Movie,1985,"Action,Family,History,LGBTQ,Mistery,Reality,Sport"
Lights Out,Movie,2016,"Documentary,History,LGBTQ,Sport"
Like Water for Chocolate,Movie,1992,"Documentary,Mistery"
Lindsey Vonn: The Final Season,Movie,2019,"Cult,Romance"
Lino,Movie,2017,"Action,Animation,Children,Drama,Family"
Little,Movie,2019,"Children,Family,Mistery"
Little Boy,Movie,2015,"Children,Documentary,Game Show"
Little Britain USA,TV,2008,"Children,Travel"
Little Rock Central: 50 Years Later,Movie,2007,"Cult"
Little Shop of Horrors,Movie,1986,"Children,History,Independent,Mistery,Reality"
Living Legend,Movie,2015,"Children,Comedy"
Living With Lincoln,Movie,2015,"Cult"
Living in Oblivion,Movie,1995,"Children,Documentary"
Lock Up: The Prisoners of Rikers Island,Movie,1994,"Comedy,Cult"
Locos de Amor 2,Movie,2018,"Independent"
Long Gone By,Movie,2019,"Documentary"
Long Shot,Movie,2019,"Children,Mistery"
Longford,Movie,2006,"Anime,Comedy,Documentary,Mistery"
Look Away,Movie,2018,"Family,History,LGBTQ,Sport"
Looking,TV,2014,"Children,Documentary,Horror,Mistery"
Looking: The Movie,Movie,2016,"Children,Documentary,Horror,Mistery"
Los Espookys,TV,2019,"Children,History"
Love Actually,Movie,2003,"Children,Documentary,Mistery"
Love Crimes Of Kabul,Movie,2011,"Cult"
Loving,Movie,2016,"Anime,Documentary,Mistery"
Luck,TV,2012,"Documentary,Romance,Travel"
Lucy,Movie,2018,"Documentary,Mistery"
Lucy in the Sky,Movie,2019,"Documentary,Reality"
Lullaby,Movie,2019,"History"
ME 3.769,Movie,2019,"Documentary"
MXP: Most Xtreme Primate,Movie,2004,"Children,Drama,Romance"
Ma,Movie,2019,"Children,Documentary,History,LGBTQ,Sport"
Madagascar,Movie,2005,"Action,Animation,Children,Drama"
Madagascar 3: Europe's Most Wanted,Movie,2012,"Action,Animation,Children,Drama"
Madison,Movie,2001,"Action,Documentary,Home Garden,Romance"
Magic & Bird: A Courtship of Rivals,Movie,2010,"Anime,Cult,Documentary,Romance"
Magnifica 70,TV,2015,"Documentary"
Make Love Great Again,Movie,2018,"Mistery"
Malabar,Movie,2018,"Documentary"
Mamartuile,Movie,2017,"Children"
Mamma Mia! Here We Go Again,Movie,2018,"Children,Independent,Mistery"
Mamon,TV,2015,"Comedy,Sport,Travel"
Man of the House,Movie,1995,"Action,Children,Drama"
Mandrake,TV,2005,"Children,Comedy,Documentary"
Mandrake Telefilm,Movie,2013,"Comedy,Documentary"
Manhunt: The Inside Story of the Hunt for Bin Laden,Movie,2013,"Cult,Game Show"
Mann v. Ford,Movie,2011,"Cult"
Mapplethorpe: Look at the Pictures,Movie,2016,"Anime,Cult"
Marathon: The Patriots Day Bombing,Movie,2016,"Cult"
Maria Full of Grace,Movie,2004,"Comedy,Documentary,LGBTQ,Sport"
Mariela Castro's March: Cuba's LGBT Revolution,Movie,2016,"Cult,Horror"
Martin Lawrence: You So Crazy,Movie,1994,"Children,Cult,Science Fiction"
Mary and Martha,Movie,2013,"Documentary"
Match Point,Movie,2005,"Comedy,Documentary,LGBTQ,Mistery,Sport"
Mavis!,Movie,2015,"Anime,Cult,Independent"
Max Keeble's Big Move,Movie,2001,"Children,Comedy,Drama"
McEnroe/Borg: Fire & Ice,Movie,2011,"Anime,Cult,Romance"
McMillion$,TV,2020,"Comedy,Cult,Game Show"
Mea Maxima Culpa: Silence in the House of God,Movie,2012,"Cult"
Meet the Donors: Does Money Talk?,Movie,2016,"Cult"
Mel Brooks: Live at the Geffen,Movie,2015,"Anime,Children,Cult,Independent,Science Fiction"
Mel Brooks: Unwrapped,Movie,2018,"Children,Cult,Game Show"
Meth Storm,Movie,2017,"Cult"
Metro,Movie,1997,"Action,Children,Comedy,Documentary,LGBTQ,Sport"
Michael Clayton,Movie,2007,"Comedy,Documentary,LGBTQ,Sport"
Michelle Wolf: Nice Lady,Movie,2017,"Children,Science Fiction"
Michigan vs. Ohio State: The Rivalry,Movie,2007,"Cult,Romance"
Midnight Special,Movie,2016,"Action,Documentary,LGBTQ,Reality,Sport,Travel"
Mike Tyson: Undisputed Truth,Movie,2013,"Children,Cult,Science Fiction"
Mildred Pierce,TV,2011,"Documentary,Travel"
Miriam Lies,Movie,2018,"Documentary"
Miss Bala,Movie,2011,"Action,Comedy,Documentary,LGBTQ,Sport"
Miss Evers' Boys,Movie,1997,"Documentary"
Miss Pettigrew Lives for a Day,Movie,2008,"Children,Documentary,Mistery"
Miss Sherlock,TV,2018,"Comedy,Documentary,LGBTQ"
Miss You Can Do It,Movie,2013,"Cult,Documentary,Drama"
Mobsters,Movie,1991,"Action,Comedy,Documentary,LGBTQ,Sport"
Mom and Dad Save the World,Movie,1992,"Action,Biography,Children,Drama,Reality"
Momentum Generation,Movie,2018,"Cult"
Mommy Dead and Dearest,Movie,2017,"Comedy,Cult"
Mondays at Racine,Movie,2012,"Cult,Drama"
Monte Carlo,Movie,2011,"Action,Children,Drama,Mistery"
Moonlight Mile,Movie,2002,"Documentary,Mistery"
Moonlight Sonata: Deafness in Three Movements,Movie,2019,"Cult"
Mosaic,TV,2018,"Comedy,Documentary,LGBTQ,Sport"
Mother,Movie,2016,"Documentary"
Moulin Rouge!,Movie,2001,"Documentary,Independent,Mistery"
Mr. & Mrs. Smith,Movie,2005,"Action,Children,Comedy,Documentary,LGBTQ,Sport"
Mr. Conservative: Goldwater on Goldwater,Movie,2006,"Anime,Cult"
Mr. Holland's Opus,Movie,1995,"Documentary,Drama,Independent"
Mr. Magoo,Movie,1997,"Action,Children,Drama"
Mr. Popper's Penguins,Movie,2011,"Children,Drama,Family"
Mr. Show with Bob and David,TV,1995,"Children,Travel"
Mr. Wonderful,Movie,1993,"Children,Mistery"
Mrs. Doubtfire,Movie,1993,"Children,Documentary,Drama"
Mrs. Fletcher,TV,2019,"Children,Documentary,Drama"
Mrs. Genovese,Movie,2018,"Action"
Much Ado About Nothing,Movie,2012,"Children,Documentary,Mistery"
Muhammad Ali's Greatest Fight,Movie,2013,"Anime,Cult,Documentary"
Muralla,Movie,2018,"Sport"
Muriel's Wedding,Movie,1994,"Children,Documentary,Mistery"
My Big Fat Greek Wedding,Movie,2002,"Children,Documentary,Mistery"
My Brilliant Friend,TV,2018,"Documentary"
My Dinner with Hervé,Movie,2018,"Anime,Documentary"
My Favorite Shapes by Julio Torres,Movie,2019,"Children,Science Fiction"
My Left Foot: The Story of Christy Brown,Movie,1989,"Anime,Documentary"
My Treasure,Movie,2017,"Action,Children,Documentary"
Más sabe el Diablo por Viejo,Movie,2018,"Children"
Namath,Movie,2012,"Cult"
Nancy Drew and the Hidden Staircase,Movie,2019,"Animation,Children,Comedy,Documentary,Drama,LGBTQ"
Natalie Wood: What Remains Behind,Movie,2020,"Cult"
Native Son,Movie,2019,"Documentary"
Never Back Down,Movie,2008,"Action,Documentary,Romance"
Next of Kin,Movie,1989,"Action,Comedy,LGBTQ,Sport"
Night of Too Many Stars: America Unites for Autism Programs,Movie,2017,"Children"
Nightingale,Movie,2014,"Comedy,Documentary"
Nixon by Nixon: In His Own Words,Movie,2014,"Cult"
No me digas Solterona,Movie,2018,"Children"
Nocturnal Animals,Movie,2016,"Comedy,Documentary,LGBTQ,Mistery,Sport"
Notes from the Field,Movie,2018,"Documentary"
Nothing Co.,Movie,2014,"Children,Documentary"
Nothing Left Unsaid: Gloria Vanderbilt & Anderson Cooper,Movie,2016,"Anime,Cult"
Notting Hill,Movie,1999,"Children,Documentary,Mistery"
O.G.,Movie,2018,"Documentary"
Odd Jobs,Movie,1986,"Children"
Of Mice and Men,Movie,1992,"Action,Documentary"
Olive Kitteridge,TV,2014,"Documentary"
On Freddie Roach,TV,2012,"Cult,Musical,Romance"
On Tour with Asperger's Are Us,TV,2019,"Children,Cult"
Once Upon a Crime,Movie,1992,"Children,Comedy,LGBTQ,Sport"
One Fine Day,Movie,1996,"Children,Documentary,Mistery"
One Nation Under Dog,Movie,2012,"Cult"
One Nation Under Stress,Movie,2019,"Cult"
One Night Stand,TV,1989,"Children,Science Fiction,Travel"
One Survivor Remembers,Movie,1996,"Cult,Game Show"
Open Range,Movie,2003,"Action,Documentary,Mistery"
Opening Night,Movie,1977,"Documentary,Home Garden"
Oprah Winfrey Presents: After Neverland,Movie,2019,"Cult"
Orphans of Ebola,Movie,2016,"Cult"
Our Boys,TV,2019,"Documentary"
Our Man Flint,Movie,1966,"Action,Children,Family,Reality"
Out of Africa,Movie,1985,"Anime,Documentary,Game Show,Mistery"
Outside the Bubble: On the Road with Alexandra Pelosi,Movie,2018,"Cult"
Overnight Delivery,Movie,1998,"Children,Mistery"
Oz,TV,1997,"Comedy,Documentary,LGBTQ,Sport"
Panamerican Machinery,Movie,2016,"Children,Documentary"
Pandorum,Movie,2009,"Action,History,LGBTQ,Reality,Sport"
Panic: The Untold Story of the 2008 Financial Crisis,Movie,2018,"Cult,Game Show"
Papi Chulo,Movie,2019,"Children,Documentary"
Parade's End,TV,2012,"Action,Documentary,Mistery"
Paradise Lost 2: Revelations,Movie,2000,"Comedy,Cult"
Paradise Lost 3: Purgatory,Movie,2011,"Comedy,Cult"
Paradise Lost: The Child Murders at Robin Hood Hills,Movie,1996,"Comedy,Cult,Documentary,LGBTQ"
Patch Adams,Movie,1998,"Anime,Children,Documentary,Mistery"
Paterno,Movie,2018,"Anime,Comedy,Documentary,Romance"
Path to War,Movie,2003,"Anime,Documentary,Game Show"
Paul,Movie,2011,"Action,Children,Reality"
Paul F. Tompkins: Driven to Drink,Movie,1998,"Children,Cult,Science Fiction"
Paycheck to Paycheck: The Life & Times of Katrina Gilbert,Movie,2014,"Cult"
Pearl Harbor,Movie,2001,"Action,Documentary,Game Show,Mistery"
Pepito,Movie,2018,"Children,Documentary,Drama"
Perry Mason,TV,2020,"Comedy,Documentary,LGBTQ"
Persecuted,Movie,2019,"LGBTQ,Sport"
Pete Holmes: Dirty Clean,Movie,2018,"Children,Cult,Science Fiction"
Pete Holmes: Faces and Sounds,Movie,2016,"Children,Science Fiction"
Petra,Movie,2018,"Children,Documentary"
Phat Girlz,Movie,2006,"Children,Mistery"
Phil Spector,Movie,2013,"Anime,Documentary"
Picture Perfect,Movie,1997,"Children,Documentary,Mistery"
Pinky Dinky Doo,TV,2006,"Animation,Biography,Drama,Family"
Pinochet's Last Stand,Movie,2006,"Documentary"
Piranha,Movie,1978,"Children,History,LGBTQ,Reality,Sport"
Planet of the Apes,Movie,2001,"Action,LGBTQ,Reality,Sport"
Plastic Disasters,Movie,2006,"Cult"
Pod Save America,TV,2018,"Food"
Pokémon Detective Pikachu,Movie,2019,"Action,Animation,Children,Comedy,Drama,Family,LGBTQ,Reality"
Pororo: The Racing Adventure,Movie,2013,"Animation,Drama,Romance"
Portraits of a Lady,Movie,2008,"Cult"
Positively Naked,Movie,2005,"Cult"
Precious,Movie,2009,"Documentary,LGBTQ,Sport"
Primeval,Movie,2007,"Action,Comedy,Documentary,History,LGBTQ,Reality,Sport"
Primo,Movie,2005,"Documentary"
Prisoners,Movie,2013,"Comedy,Documentary,LGBTQ,Sport"
Project Greenlight,TV,2001,"Children,Musical"
Proof,Movie,2005,"Documentary,LGBTQ,Sport"
Psi,TV,2014,"Documentary"
Pu-239,Movie,2006,"Documentary"
Pulling Strings,Movie,2013,"Children,Mistery"
Punch-Drunk Love,Movie,2002,"Children,Documentary,LGBTQ,Mistery,Sport"
Pups United,Movie,2015,"Children,Drama"
Pushing Tin,Movie,1999,"Children,Documentary,Mistery"
Quadrophenia,Movie,1979,"Comedy,Crime,Documentary,Independent"
Quantum of Solace,Movie,2008,"Action,Comedy,LGBTQ,Sport"
Questioning Darwin,Movie,2014,"Cult"
RUN,TV,2020,"Children,Documentary,Mistery,Sport"
RX: Early Detection - A Cancer Journey with Sandra Lee,Movie,2018,"Cult"
Raising Arizona,Movie,1987,"Children,Comedy,Documentary"
Ramy Youssef: Feelings,Movie,2019,"Children,Science Fiction"
Random Acts of Flyness,TV,2018,"Animation,Children,Cult,Documentary"
Rapture-Palooza,Movie,2013,"Children,Family,History"
Ray,Movie,2004,"Anime,Documentary,Independent"
Ready or Not,Movie,2019,"Children,History,LGBTQ,Sport"
Real Sex,TV,1992,"Cult"
Real Sports with Bryant Gumbel,TV,1995,"Romance"
Real Time with Bill Maher,TV,2003,"Children"
Real Women Have Curves,Movie,2002,"Children,Documentary"
Recount,Movie,2008,"Documentary,Game Show"
Red Planet,Movie,2000,"Action,LGBTQ,Reality,Sport"
Regarding Henry,Movie,1991,"Documentary,Mistery"
Requiem for a Dream,Movie,2000,"Comedy,Documentary"
Requiem for the Dead: American Spring 2014,Movie,2015,"Cult"
Return,Movie,2007,"Documentary,Sport"
Richard Jeni: A Big Steaming Pile of Me,Movie,2005,"Children,Cult,Science Fiction"
Ricochet,Movie,1991,"Action,Comedy,Documentary,LGBTQ,Sport"
Rio,Movie,2011,"Action,Animation,Biography,Children,Drama,Independent"
Rise of the Guardians,Movie,2012,"Action,Animation,Children,Drama,Family,Reality"
Risky Drinking,Movie,2016,"Cult"
River's Edge,Movie,1986,"Comedy,Documentary"
Robert Klein: The Amorous Busboy of Decatur Avenue,Movie,2005,"Children,Cult,Independent,Science Fiction"
Robert Klein: Unfair & Unbalanced,Movie,2010,"Children,Cult,Science Fiction"
Robin Williams: Come Inside My Mind,Movie,2018,"Anime,Children,Cult,Science Fiction"
Rock 'n' Roll High School,Movie,1979,"Children,Independent"
Rock and a Hard Place,Movie,2017,"Cult"
Rock the Kasbah,Movie,2015,"Children,Independent"
Rocket Science,Movie,2007,"Children,Documentary,Home Garden"
Rolling Stone: Stories from the Edge,Movie,2017,"Cult,Game Show,Independent"
Rome,TV,2012,"Action,Documentary,Game Show,Romance,Travel"
Room 104,TV,2017,"Children,Documentary,Family,History,LGBTQ,Reality,Sport"
Rosie O'Donnell: A Heartfelt Stand Up,Movie,2015,"Children"
Ruben Blades Is Not My Name,Movie,2018,"Cult,Independent"
Runnin' Rebels of UNLV,Movie,2011,"Cult,Romance"
Running with Beto,Movie,2019,"Cult"
Rush,Movie,2013,"Action,Anime,Documentary,Romance"
Russell Simmons Presents Brave New Voices,TV,2009,"Children,Cult"
Salinger,Movie,2013,"Cult"
Sally4Ever,TV,2018,"Children,Mistery"
San Francisco 2.0,Movie,2015,"Cult"
Santa Buddies,Movie,2009,"Action,Drama,Family"
Santos Dumont,TV,2019,"Anime,Documentary,Game Show"
Sarah Silverman: We Are Miracles,Movie,2013,"Children,Science Fiction"
Saturn 3,Movie,1980,"Action,History,LGBTQ,Reality,Sport"
Saudi Women's Driving School,Movie,2019,"Cult"
Saving Face,Movie,2012,"Comedy,Cult,Documentary"
Saving Pelican 895,Movie,2011,"Cult"
Say Her Name: The Life and Death of Sandra Bland,Movie,2018,"Cult"
Scary Movie 3,Movie,2003,"Children,History"
School of Rock,Movie,2003,"Children,Independent"
SeNT,TV,2017,"Children,Documentary"
Season of the Witch,Movie,2011,"Action,Family"
Section 60: Arlington National Cemetery,Movie,2008,"Cult"
Sermon on the Mount,Movie,2017,"Documentary"
Sesame Street,TV,1969,"Action,Animation,Biography,Children,Drama,Family,Independent,Travel"
Sesame Street's 50th Anniversary Celebration,Movie,2019,"Drama"
Sesame Street: Elmo's Playdate,Movie,2020,"Drama"
Seventh Son,Movie,2014,"Action,Family"
Sex On//,TV,2015,"Cult,Mistery"
Sex and the City,TV,1998,"Children,Documentary,Mistery"
Sgt. Stubby: An American Hero,Movie,2018,"Action,Animation,Drama,Game Show"
Shadows,TV,2014,"Action,Children,Comedy,Documentary,LGBTQ,Sport"
Shaft,Movie,2019,"Action,Children,Comedy"
Shakira in Concert: El Dorado World Tour,Movie,2019,"Cult"
Shanghai Surprise,Movie,1986,"Action,Children,Comedy,Documentary,Mistery"
Share,Movie,2019,"Documentary,LGBTQ,Sport"
Sharp Objects,TV,2018,"Comedy,Documentary,LGBTQ,Sport"
Shazam!,Movie,2019,"Action,Children,Family"
She's Funny That Way,Movie,2015,"Children,Documentary"
She's the Man,Movie,2006,"Children,Documentary,Drama,Horror,Mistery,Romance"
She's the One,Movie,1996,"Children,Documentary,Home Garden,Mistery"
Sherlock Holmes: A Game of Shadows,Movie,2011,"Action,Comedy,LGBTQ,Sport"
Shine A Light,Movie,2016,"Action,Documentary,Reality"
Short Time,Movie,1990,"Children,Comedy,Documentary"
Shot Heard 'Round the World,Movie,2001,"Cult,Game Show,Romance"
Shouting Fire: Stories from the Edge of Free Speech,Movie,2009,"Cult"
Show Me a Hero,TV,2015,"Comedy,Documentary,Game Show"
Shutter Island,Movie,2010,"Documentary,LGBTQ,Sport"
Side Effects,Movie,2013,"Comedy,Documentary,LGBTQ,Sport"
Signs,Movie,2002,"Documentary,LGBTQ,Reality,Sport"
Silencing the Song: An Afghan Fallen Star,Movie,2011,"Anime,Cult"
Silicon Valley,TV,2014,"Children,Documentary"
Silver City,Movie,2004,"Children,Documentary,LGBTQ,Sport"
Sinbad: Beyond the Veil of Mists,Movie,2000,"Action,Animation,Drama,Family,Reality"
Single Long,TV,2012,"Children"
Six Days Seven Nights,Movie,1998,"Action,Children,Mistery"
Six Feet Under,TV,2001,"Children,Documentary,Travel"
Six by Sondheim,Movie,2013,"Cult"
Skinheads USA: Soldiers of the Race War,Movie,1993,"Cult"
Sky High,Movie,2005,"Action,Biography,Children,Drama,Family"
Slipping Into Darkness,Movie,2020,"Comedy,Documentary"
Slumdog Millionaire,Movie,2008,"Documentary,Mistery"
Smallfoot,Movie,2018,"Action,Animation,Children,Drama,Family,Independent"
Snow Buddies,Movie,2008,"Action,Drama"
Sobredosis de Amor,Movie,2018,"Children,Documentary"
Soldier,Movie,1998,"Action,Documentary,Reality"
Solitary,Movie,2016,"Children,Cult"
Someone Had to Be Benny,Movie,1996,"Documentary,Drama,Romance"
Someone Like You...,Movie,2001,"Children,Mistery"
Something Borrowed,Movie,2011,"Children,Documentary,Mistery"
Something Wild,Movie,1986,"Children,Comedy,LGBTQ,Mistery,Sport"
Something the Lord Made,Movie,2004,"Anime,Documentary"
Sometimes in April,Movie,2005,"Documentary,Game Show"
Song of Parkland,Movie,2019,"Cult,Documentary"
Sophie's Choice,Movie,1982,"Documentary,Mistery"
Space Buddies,Movie,2009,"Action,Children,Documentary,Drama,Family,Reality"
Spanglish,Movie,2004,"Children,Documentary,Mistery"
Spawn,TV,1997,"Action,Animation,Comedy,Documentary,Family,History,LGBTQ,Mistery,Reality,Sport,Travel"
Special Effects,Movie,1984,"Cult,Documentary,History,LGBTQ,Sport"
Spielberg,Movie,2017,"Anime,Cult"
Spooky Buddies,Movie,2011,"Children,Drama,Family"
Spymate,Movie,2003,"Action,Children,Drama"
Sr. Ávila,TV,2013,"Action,Comedy,Documentary,Sport"
Stakeout,Movie,1987,"Action,Children,Comedy,LGBTQ,Mistery,Sport"
Starter for 10,Movie,2006,"Children,Documentary,Mistery,Romance"
Stolen Daughters: Kidnapped By Boko Haram,Movie,2018,"Cult"
Storks,Movie,2016,"Action,Animation,Biography,Children,Drama"
Strip Search,Movie,2004,"Action,Documentary"
Stuart: A Life Backwards,Movie,2007,"Anime,Documentary"
Stuber,Movie,2019,"Action,Children,Comedy,LGBTQ,Sport"
Student Athlete,Movie,2018,"Cult"
Studs Terkel: Listening to America,Movie,2009,"Anime,Cult"
Succession,TV,2018,"Documentary"
Sugar Ray Robinson: The Bright Lights and Dark Shadows of a Champion,Movie,1998,"Cult"
Suited,Movie,2016,"Cult"
Sweet 15: Quinceañera,TV,2016,"Cult,Drama"
Sweet Dreams,Movie,1985,"Anime,Documentary,Independent,Mistery"
Swiped: Hooking Up in the Digital Age,Movie,2018,"Cult"
Switch,Movie,1991,"Children,Documentary,Family"
T.J. Miller: Meticulously Ridiculous,Movie,2017,"Children,Science Fiction"
THESE COLORS DON'T RUN,Movie,2017,"Children,Documentary"
Taking Chance,Movie,2009,"Documentary,Game Show"
Talkin' Dirty After Dark,Movie,1991,"Children"
Tapia,Movie,2013,"Cult,Romance"
Tarzan,Movie,2013,"Action,Animation,Documentary,Drama"
Team America: World Police,Movie,2004,"Action,Animation,Children"
Teen Witch,Movie,1989,"Children,Family,Mistery"
Teeth,Movie,2008,"Children,Family,History,LGBTQ,Sport"
Tejano,Movie,2018,"LGBTQ,Sport"
Tell Me You Love Me,TV,2007,"Documentary,Mistery,Travel"
Temple Grandin,Movie,2010,"Anime,Documentary"
Terror at the Mall,Movie,2014,"Cult,Game Show"
Tess,Movie,1979,"Documentary,Mistery"
That Thing You Do!,Movie,1996,"Children,Documentary,Independent,Mistery"
The 7th Floor,Movie,2013,"Comedy,LGBTQ,Sport"
The Abyss,Movie,1989,"Action,Documentary,LGBTQ,Reality,Sport"
The Adjustment Bureau,Movie,2011,"LGBTQ,Mistery,Reality,Sport"
The Adventures of Jinbao,Movie,2012,"Action,Animation,Children,Drama"
The Adventures of Tom Thumb & Thumbelina,Movie,2002,"Animation,Drama,Family,Independent"
The Aftermath,Movie,2019,"Documentary,Mistery"
The Alzheimer's Project,TV,2009,"Cult"
The American,Movie,2010,"Comedy,Documentary,LGBTQ,Sport"
The Apollo,Movie,2019,"Cult,Game Show,Science Fiction"
The Art of Getting By,Movie,2011,"Documentary,Mistery"
The Art of Racing in the Rain,Movie,2019,"Children,Documentary,Mistery,Romance"
The Battle of Amfar,Movie,2013,"Anime,Cult,Game Show"
The Beautician and the Beast,Movie,1997,"Children,Mistery"
The Best Summer of My Life,Movie,2018,"Children,Drama"
The Best of 'Autopsy': A Sex Crimes Special,Movie,2000,"Comedy,Cult,Travel"
The Beverly Hillbillies,Movie,1993,"Children,Drama"
The Big Green,Movie,1995,"Action,Children,Drama,Romance"
The Bridges of Madison County,Movie,1995,"Documentary,Mistery"
The Brink,TV,2015,"Children"
The Bronze Garden,TV,2017,"Comedy,Documentary,History,LGBTQ,Sport"
The Case Against 8,Movie,2014,"Anime,Cult,Horror"
The Case Against Adnan Syed,TV,2019,"Comedy,Cult"
The Casual Vacancy,TV,2015,"Documentary"
The Cheshire Murders,Movie,2013,"Comedy,Cult,Game Show"
The Cold Blue,Movie,2018,"Cult,Game Show"
The Comeback,TV,2005,"Children,Documentary,Independent,Mistery"
The Conjuring 2,Movie,2016,"Documentary,History,LGBTQ,Sport"
The Crash Reel,Movie,2013,"Anime,Cult,Romance"
The Curse of La Llorona,Movie,2019,"History,LGBTQ,Sport"
The Defiant Ones,TV,2017,"Anime,Comedy,Cult"
The Deuce,TV,2017,"Documentary"
The Diplomat,Movie,2015,"Anime,Cult"
The Dishwasher,Movie,2020,"Sport"
The Diving Bell and the Butterfly,Movie,2007,"Anime,Documentary,Home Garden"
The Education of Mohammad Hussein,Movie,2012,"Cult,Documentary"
The Electric Company,TV,1971,"Biography,Children,Drama,Travel"
The Emperor's Newest Clothes,Movie,2018,"Animation,Children,Drama,Family,Independent"
The End,Movie,2004,"Cult"
The Enemy Within,Movie,1994,"Documentary,LGBTQ,Sport"
The Family Stone,Movie,2005,"Children,Documentary,Mistery"
The Fence (La Barda),Movie,2010,"Cult,Documentary"
The Fever,Movie,2004,"Documentary"
The Fighter,Movie,2010,"Anime,Documentary,Romance"
The Fighting Temptations,Movie,2003,"Children,Documentary,Independent,Mistery"
The Final Year,Movie,2018,"Cult"
The Fisherman,Movie,2019,"Children"
The Flintstones,Movie,1994,"Children,Drama,Family"
The Flintstones in Viva Rock Vegas,Movie,2000,"Children,Drama,Mistery,Reality"
The Fountain,Movie,2006,"Action,Documentary,LGBTQ,Mistery,Reality"
The Frighteners,Movie,1996,"Children,Crime,Family,History"
The Gathering Storm,Movie,2002,"Anime,Documentary,Game Show"
The Getaway,Movie,2020,"Children,Comedy,Travel"
The Girl,Movie,2012,"Anime,Documentary"
The Good Liar,Movie,2019,"Comedy,Documentary,LGBTQ,Sport"
The Good Son,Movie,1993,"Documentary,LGBTQ,Sport"
The Great Gilly Hopkins,Movie,2015,"Children,Documentary,Drama"
The Great White Hype,Movie,1996,"Children,Documentary,Romance"
The Hangover Part II,Movie,2011,"Children,Documentary,LGBTQ"
The Hate U Give,Movie,2018,"Comedy,Documentary"
The Heiresses,Movie,2018,"Cult,Documentary,History"
The Hitcher,Movie,1986,"Action,Crime,History,LGBTQ,Sport"
The Hoax,Movie,2006,"Children,Documentary"
The Honeymooners,Movie,2005,"Children,Crime,Documentary,Drama,Mistery"
The Hot Chick,Movie,2002,"Children,Family"
The Iceman Confesses: Secrets of a Mafia Hitman,Movie,2001,"Comedy,Cult"
The Iceman Tapes: Conversations with a Killer,Movie,1992,"Cult"
The Iceman and the Psychiatrist,Movie,2004,"Comedy,Cult,LGBTQ,Sport"
The Immortal Life of Henrietta Lacks,Movie,2017,"Anime,Documentary,Game Show"
The Indian in the Cupboard,Movie,1995,"Action,Documentary,Drama,Family"
The Inventor: Out for Blood in Silicon Valley,Movie,2019,"Cult,Documentary"
The Invisible,Movie,2007,"Comedy,Documentary,Family,LGBTQ,Reality,Sport"
The Island,Movie,2005,"Action,LGBTQ,Reality,Sport"
The Jinx: The Life and Deaths of Robert Durst,TV,2015,"Comedy,Cult"
The Judge,Movie,2014,"Comedy,Documentary"
The Jungle Book,Movie,1994,"Action,Documentary,Drama,Mistery"
The Kid Who Would Be King,Movie,2019,"Action,Drama,Family"
The Kids Are All Right,Movie,2010,"Children,Documentary,Mistery"
The Kitchen,Movie,2019,"Action,Children,Comedy,Documentary"
The Kite Runner,Movie,2007,"Documentary"
The Lady in Red,Movie,1979,"Action,Comedy,Documentary,Mistery,Sport"
The Laramie Project,Movie,2002,"Comedy,Documentary,Game Show"
The Larry Sanders Show,TV,1992,"Children"
The Last Outlaw,Movie,1993,"Action,Documentary"
The Last Romantic,Movie,2018,"Children,Documentary"
The Last Seduction,Movie,1994,"Comedy,Documentary,LGBTQ,Mistery,Sport"
The Last Suit,Movie,2017,"Cult,Documentary"
The Last Truck: Closing of a GM Plant,Movie,2009,"Cult"
The Last Unicorn,Movie,1982,"Action,Animation,Documentary,Drama,Family"
The Last of the Blonde Bombshells,Movie,2000,"Children,Independent"
The Late Shift,Movie,1996,"Children,Documentary"
The Latin Explosion: A New America,Movie,2015,"Cult,Independent"
The Latino List,Movie,2011,"Cult"
The Latino List: Volume 2,Movie,2012,"Cult"
The Lawyer,Movie,2016,"Children,Comedy,Sport"
The Leftovers,TV,2014,"Documentary,Family,LGBTQ,Reality"
The Lego Movie 2: The Second Part,Movie,2019,"Action,Animation,Children,Drama,Family,Independent,Reality"
The Leisure Class,Movie,2015,"Children"
The Little Rascals,Movie,1994,"Children,Drama,Mistery"
The Little Stranger,Movie,2018,"Documentary,History,LGBTQ,Sport"
The Lonely Guy,Movie,1984,"Children,Mistery"
The Lovely Bones,Movie,2009,"Documentary,Family,LGBTQ,Sport"
The Loving Story,Movie,2011,"Cult,Documentary,Game Show,Mistery"
The Manchurian Candidate,Movie,1962,"Documentary,LGBTQ,Sport"
The Many Lives of Nick Buoniconti,Movie,2019,"Cult,Romance"
The Memory of Justice,Movie,1976,"Cult"
The Merchant of Venice,Movie,2004,"Documentary,Mistery"
The Mighty Ducks,Movie,1992,"Action,Children,Documentary,Drama,Romance"
The Music in Me,Movie,2006,"Cult"
The Music in Me: A Family Special,Movie,2007,"Cult"
The Music in Me: The Leopards Take Manhattan - The Little Band That Roared,Movie,2008,"Cult"
The New Pope,TV,2020,"Documentary"
The Newspaperman: The Life and Times of Ben Bradlee,Movie,2017,"Cult"
The Newsroom,TV,2012,"Documentary"
The Nice Guys,Movie,2016,"Action,Children,Comedy,Documentary,LGBTQ,Mistery,Sport"
The Night Of,TV,2016,"Comedy,Documentary,LGBTQ"
The No. 1 Ladies' Detective Agency,TV,2009,"Children,Comedy,Documentary"
The Normal Heart,Movie,2014,"Documentary,Game Show,Horror,Mistery"
The Number on Great-Grandpa's Arm,Movie,2018,"Cult"
The Nun,Movie,2018,"History,LGBTQ,Sport"
The Odd Couple II,Movie,1998,"Action,Children"
The Oslo Diaries,Movie,2018,"Cult"
The Others,Movie,2001,"Documentary,History,LGBTQ,Sport"
The Out List,Movie,2013,"Cult,Horror"
The Outsider,TV,2020,"Comedy,Documentary,Family,LGBTQ,Sport"
The Pacific,TV,2010,"Action,Documentary,Game Show,Travel"
The Pacifier,Movie,2005,"Action,Children,Documentary,Drama"
The Pact,Movie,2018,"Comedy,Documentary,LGBTQ,Sport"
The Pee-Wee Herman Show on Broadway,Movie,2011,"Children"
The Pentagon Wars,Movie,1998,"Children,Documentary"
The Plot Against America,TV,2020,"Documentary,Family,Game Show,Reality"
The Predator,Movie,2018,"Action,Children,History,LGBTQ,Reality,Sport"
The Price of Everything,Movie,2018,"Cult"
The Recruit,Movie,2003,"Action,Comedy,Documentary,LGBTQ,Sport"
The Righteous Gemstones,TV,2019,"Children"
The Ringer,Movie,2005,"Children,Romance"
The River,Movie,2018,"Cult,Documentary"
The Royal Wedding Live with Cord and Tish!,Movie,2018,"Children"
The Russia House,Movie,1990,"Action,Documentary,LGBTQ,Mistery,Sport"
The Scheme,Movie,2020,"Comedy,Cult"
The Search for Santa Paws,Movie,2010,"Action,Documentary,Drama,Family,Independent"
The Secret Life of Couples,TV,2017,"Comedy,Documentary,LGBTQ,Mistery"
The Secret of My Success,Movie,1987,"Children,Mistery"
The Sentence,Movie,2018,"Comedy,Cult"
The Serenade,Movie,2019,"Documentary,Drama"
The Shooting,Movie,1966,"Travel"
The Silences,Movie,2019,"Documentary"
The Silent Valley,TV,2016,"Action,Comedy,Documentary,Horror,Sport"
The Sissy Duckling,Movie,1999,"Animation,Drama"
The Skin of Yesterday,Movie,2019,"Action,Documentary"
The Skulls,Movie,2000,"Action,Comedy,Documentary,LGBTQ,Sport"
The Skulls II,Movie,2002,"Action,Children,LGBTQ,Sport"
The Skulls III,Movie,2004,"LGBTQ,Sport"
The Sleepers,TV,2019,"Documentary,Sport"
The Sopranos,TV,1999,"Comedy,Documentary"
The Special Relationship,Movie,2010,"Anime,Documentary,Game Show"
The SpongeBob SquarePants Movie,Movie,2004,"Action,Animation,Children,Drama,Family,Reality"
The Squad,Movie,2011,"History,LGBTQ,Sport"
The Stepfather,Movie,1987,"Crime,History,LGBTQ,Sport"
The Sun Is Also a Star,Movie,2019,"Documentary,Independent,Mistery"
The Sunset Limited,Movie,2011,"Documentary"
The Tale,Movie,2018,"Documentary,LGBTQ,Sport"
The Tale of Gatti-Ward,Movie,2013,"Cult,Romance"
The Teenage Psychic,TV,2017,"Children,Documentary,Family,LGBTQ,Mistery"
The Thing About My Folks,Movie,2005,"Children,Documentary,Drama"
The Thomas Crown Affair,Movie,1999,"Comedy,Documentary,LGBTQ,Mistery,Sport"
The Tickle King,Movie,2017,"Cult"
The Trans List,Movie,2016,"Anime,Cult,Horror"
The Tree of Life,Movie,2011,"Documentary,Family"
The Trials of Ted Haggard,Movie,2009,"Cult"
The Truth About Killer Robots,Movie,2018,"Cult"
The Tuskegee Airmen,Movie,1995,"Documentary,Game Show"
The Vagina Monologues,Movie,2002,"Children,Documentary"
The Warrior's Way,Movie,2010,"Action,Cult,Family,LGBTQ,Romance,Sport"
The Weight of the Nation,TV,2012,"Cult"
The Whole Truth,Movie,2016,"Comedy,Documentary,LGBTQ,Sport"
The Wire,TV,2002,"Comedy,Documentary,LGBTQ,Sport"
The Wizard,Movie,1989,"Action,Biography,Children,Documentary,Drama,Mistery"
The Wizard of Lies,Movie,2017,"Anime,Comedy,Documentary,Game Show,LGBTQ,Sport"
The Woman in Red,Movie,1984,"Children,Mistery"
The Words That Built America,Movie,2017,"Cult"
The World Between Us,TV,2019,"Comedy,Documentary"
The Young Pope,TV,2016,"Documentary"
The Zen Diaries of Garry Shandling,Movie,2018,"Cult,Science Fiction"
The Zookeeper's Wife,Movie,2017,"Anime,Documentary,Game Show"
There's Something Wrong with Aunt Diane,Movie,2011,"Cult"
They Came Together,Movie,2014,"Children,Mistery"
They Shall Not Grow Old,Movie,2018,"Cult,Game Show"
Thin,Movie,2006,"Cult,Independent"
Thirteen Days,Movie,2000,"Documentary,Game Show,LGBTQ,Sport"
This Means War,Movie,2012,"Action,Children,Mistery"
Thought Crimes,Movie,2015,"Comedy,Cult"
Three Days of Terror: The Charlie Hebdo Attacks,Movie,2016,"Cult"
Three Fugitives,Movie,1989,"Action,Children"
Three to Tango,Movie,1999,"Children,Mistery"
Thunderbolt and Lightfoot,Movie,1974,"Action,Children,Comedy,Documentary"
Tig Notaro: Boyish Girl Interrupted,Movie,2015,"Children,Science Fiction"
Todxs Nos,TV,2020,"Children,Documentary"
Toe Tag Parole: To Live and Die on Yard A,Movie,2015,"Cult"
Togetherness,TV,2015,"Children,Documentary,Mistery"
Tokyo Project,Movie,2017,"Documentary,Mistery"
Tolkien,Movie,2019,"Anime,Documentary,Game Show,Mistery"
Too Big to Fail,Movie,2011,"Anime,Documentary,Game Show"
Top Ten Monks,Movie,2010,"Cult"
Torn Apart: Separated at the Border,Movie,2019,"Cult"
Tour de Pharmacy,Movie,2017,"Children,Romance"
Tourgasm,TV,2006,"Children,Cult"
Toxic Hot Seat,Movie,2013,"Cult"
Trabajo,Movie,2015,"Documentary,Drama"
Tracey Ullman in the Trailer Tales,Movie,2003,"Children"
Tracey Ullman's Show,TV,2016,"Children,Science Fiction"
Tracey Ullman: Live and Exposed,Movie,2005,"Anime,Children,Cult,Independent"
Tracy Morgan: Black & Blue,Movie,2010,"Children,Cult,Science Fiction"
Traffic Stop,Movie,2017,"Cult"
Treasure Buddies,Movie,2012,"Action,Children,Drama"
Treme,TV,2010,"Documentary,Independent,Travel"
Triangle: Remembering the Fire,Movie,2011,"Cult"
Trouble in Mind,Movie,1985,"Children,Comedy,Documentary,LGBTQ,Sport"
True Blood,TV,2008,"Documentary,Family,History,LGBTQ,Reality,Sport"
True Detective,TV,2014,"Comedy,Documentary,LGBTQ,Sport"
True Justice: Bryan Stevenson's Fight for Equality,Movie,2019,"Cult"
Tsunami: The Aftermath,TV,2006,"Documentary"
Tumbledown,Movie,2015,"Anime,Children,Cult,Documentary,Drama,Independent,Mistery"
Turbo: A Power Rangers Movie,Movie,1997,"Action,Biography,Drama,Family,LGBTQ,Reality,Sport"
Twins,Movie,1988,"Children,Comedy"
Twist of Faith,Movie,2005,"Cult"
Tyson,Movie,1995,"Anime,Documentary,Romance"
U-571,Movie,2000,"Action,Documentary,LGBTQ,Sport"
Ulee's Gold,Movie,1997,"Documentary,Home Garden"
Un 4to. de Josué,Movie,2018,"Children,Mistery"
Unbreakable,Movie,2000,"Documentary,LGBTQ,Reality,Sport"
Uncle Buck,Movie,1989,"Children,Documentary,Drama"
Underdog,Movie,2007,"Action,Children,Drama,Family,Reality"
Unfriended,Movie,2015,"Documentary,History,LGBTQ,Sport"
Unfriended: Dark Web,Movie,2018,"Comedy,History,LGBTQ,Sport"
United Skates,Movie,2018,"Cult"
Unlawful Entry,Movie,1992,"Comedy,Documentary,LGBTQ,Sport"
Unlocking the Cage,Movie,2016,"Cult,Documentary,Game Show"
Unmasking Jihadi John: Anatomy of a Terrorist,Movie,2019,"Cult"
Unstoppable,Movie,2010,"Action,LGBTQ,Sport"
Us,Movie,2019,"Documentary,History,LGBTQ,Sport"
VICE,TV,2013,"Animation,Children,Cult,Documentary,Drama,Independent"
VICE News Tonight,TV,2016,"Cult"
VICE Special Report: Countdown to Zero,Movie,2015,"Cult"
VICE Special Report: Fighting ISIS,Movie,2016,"Cult"
VICE Special Report: Fixing the System,Movie,2015,"Cult"
Valentina,Movie,2017,"Cult"
Valentine Road,Movie,2013,"Cult,Horror,Travel"
Valkyrie,Movie,2008,"Documentary,Game Show,LGBTQ,Sport"
Van Helsing,Movie,2004,"Action,Family,History"
Veep,TV,2012,"Children"
Vendetta,Movie,1999,"Documentary"
Veneno,Movie,2018,"Action,Documentary,Romance"
Very Ralph,Movie,2019,"Cult"
Vice Principals,TV,2016,"Children"
Vice Special Report: A House Divided,Movie,2016,"Cult"
Vice Special Report: Killing Cancer,Movie,2015,"Cult"
Vinyl,TV,2016,"Documentary"
Volunteers,Movie,1985,"Action,Children"
Voyage of the Damned,Movie,1976,"Documentary"
Walking and Talking,Movie,1996,"Children,Documentary,Home Garden,Independent,Mistery"
Walkout,Movie,2006,"Documentary"
Wallace & Gromit: The Curse of the Were-Rabbit,Movie,2005,"Action,Animation,Children,Drama,Family,History,LGBTQ,Reality"
Wandering Girl,Movie,2018,"Documentary"
War Dog: A Soldier's Best Friend,Movie,2017,"Cult"
War Dogs,Movie,2016,"Anime,Children,Comedy,Documentary"
War of the Worlds,Movie,2005,"Action,LGBTQ,Reality,Sport"
Warm Springs,Movie,2005,"Anime,Documentary"
Warning: This Drug May Kill You,Movie,2017,"Cult"
Wars of Others,Movie,2016,"Cult"
Wartorn: 1861-2010,Movie,2010,"Cult"
Wasteland,TV,2016,"Comedy,Documentary,LGBTQ"
Watchmen,TV,2019,"Action,Comedy,Documentary,Family,LGBTQ,Reality"
Water for Elephants,Movie,2011,"Documentary,Mistery"
We Are Not Done Yet,Movie,2018,"Cult"
We Are The Heat,Movie,2018,"Action,Documentary"
We Are the Dream: The Kids of the Oakland MLK Oratorical Fest,Movie,2020,"Cult"
We Can Be Heroes: Finding The Australian of the Year,TV,2005,"Children"
We Stand Alone Together,Movie,2001,"Cult"
We're Here,TV,2020,"Cult,Musical"
Wedding Daze,Movie,2006,"Children,Mistery"
Wednesday,Movie,2020,"Documentary"
Weird Science,Movie,1985,"Children,Family,Mistery,Reality"
Well Groomed,Movie,2019,"Cult"
Western Stars,Movie,2019,"Cult,Independent"
Westworld,TV,2016,"Action,Documentary,LGBTQ,Reality"
What About Bob?,Movie,1991,"Children"
What Happened on September 11,Movie,2019,"Cult"
When I Knew,Movie,2009,"Cult"
When Shall We Kiss?,TV,2011,"Children,Documentary,Mistery"
When Trumpets Fade,Movie,1998,"Action,Documentary"
When You Wish Upon a Pickle: A Sesame Street Special,Movie,2018,"Action,Drama"
Which Way Home,Movie,2009,"Cult"
White Light/Black Rain: The Destruction of Hiroshima and Nagasaki,Movie,2007,"Cult,Game Show"
White Mile,Movie,1994,"Documentary,LGBTQ,Romance,Sport"
Whitmer Thomas: The Golden One,Movie,2020,"Children,Cult"
Whitney Cummings: I'm Your Girlfriend,Movie,2016,"Children,Science Fiction"
Who Killed Garrett Phillips?,Movie,2019,"Comedy,Cult"
Whoopi Goldberg Presents Moms Mabley,Movie,2013,"Children,Cult"
Wide Awake,Movie,2006,"Cult,History"
Wig,Movie,2019,"Cult,Horror"
Wild Hogs,Movie,2007,"Action,Children"
Will Ferrell: You're Welcome America - A Final Night with George W. Bush,Movie,2009,"Children,Science Fiction"
Wimbledon,Movie,2004,"Children,Mistery,Romance"
Wings: Sky Force Heroes,Movie,2014,"Action,Animation,Children"
Winter's Bone,Movie,2010,"Documentary,LGBTQ"
Wit,Movie,2001,"Documentary"
Without Warning: The James Brady Story,Movie,1991,"Documentary"
Without a Trace,Movie,1983,"Documentary,LGBTQ,Sport"
Witless Protection,Movie,2008,"Action,Children,Comedy"
Witness,TV,2012,"Comedy,Cult"
Witness Protection,Movie,1999,"Comedy,Documentary,Sport"
Women of Troy,Movie,2020,"Cult"
Wonder,Movie,2019,"Documentary,Drama"
Wyatt Cenac's Problem Areas,TV,2018,"Children,Cult"
X-Men,Movie,2000,"Action,Family,Reality"
X-Men: Dark Phoenix,Movie,2019,"Action,Reality"
X-Men: First Class,Movie,2011,"Action,Reality"
Xanadu,Movie,1980,"Family,Independent,Mistery,Reality"
Years and Years,TV,2019,"Documentary,Family,Horror,Reality"
Yesterday,Movie,2019,"Children,Family,Independent,Mistery"
Yo soy un político,Movie,2016,"Children"
You Don't Know Jack,Movie,2010,"Anime,Documentary"
Your Highness,Movie,2011,"Action,Children,Family"
Yuli,Movie,2018,"Anime,Documentary,Independent"
